Timestamp,What is your age?,What pronouns do you use?,What is your nationality or ethnicity?,How often do you use Tik Tok?,What is the first page you visit when you open TikTok?,How much do you use each of these features? [For You page],How much do you use each of these features? [Following page],How much do you use each of these features? [Favorites page],How much do you use each of these features? [Friends Page],How much do you use each of these features? [Discover Page],How much do you use each of these features? [Search bar],How much do you use each of these features? [Like],How much do you use each of these features? [Comment],How much do you use each of these features? [Save],How much do you use each of these features? [Follow],How much do you use each of these features? [Share],How much do you use each of these features? [Not interested ],How much do you use each of these features? [Refresh ],How often do you see content related to your interests in the For You page?,"After using the search bar, what action do you do? [Go to For You Page]","After using the search bar, what action do you do? [Keep scrolling through search results ]","After using the search bar, what action do you do? [Use the search bar again]","After using the search bar, what action do you do? [Other]","After going to the Discover page, what action do you do? [Go to For You Page]","After going to the Discover page, what action do you do? [Stay at Discover Page]","After going to the Discover page, what action do you do? [Other]",How many videos do you watch while checking out an account?,How much content do you watch in the following topics? [Politics],How much content do you watch in the following topics? [Sports],How much content do you watch in the following topics? [Eating Habits],How much content do you watch in the following topics? [Memes],How much content do you watch in the following topics? [Conspiracies],How much content do you watch in the following topics? [Pets],How much content do you watch in the following topics? [Dance],How much content do you watch in the following topics? [Entertainment],How much content do you watch in the following topics? [Food],How much content do you watch in the following topics? [Games],How much content do you watch in the following topics? [Other],Recommend up to 3 political topics of your interest that you have recently watched on Tiktok,"Recommend up to 3 creators or topics that you watch about conspiracies( UFO, Flat Earth, Reptilians, Illuminati, etc)","Recommend up to 3 creators or topics that you watch about eating habits (e.g., balanced meal ideas, cooking tutorials, excessive food consumption, etc.)"
3/7/2024 14:52:42,24,She/her,Uzbek and Dungan,Once everyday,For You,Always,Sometimes,Often,Rarely,Rarely,Often,Always,Rarely,Always,Often,Always,Rarely,Often,Always,Often,Sometimes,Sometimes,Never,Often,Rarely,Rarely,1-5 videos,Sometimes,Often,Sometimes,Often,Rarely,Always,Never,Sometimes,Often,Never,Always,"Israeli–Palestinian conflict, Feminism, QC polititcs",N/A,"@babytamago, @emthenutritionist, @plantedinthekitchen, "
2/23/2024 15:59:31,52,He/him,Brazilian,Once every week,Friends,Sometimes,Often,Always,Often,Sometimes,Sometimes,Often,Never,Often,Sometimes,Never,Never,,Often,Sometimes,Sometimes,Sometimes,Sometimes,Sometimes,Rarely,Rarely,1-5 videos,Sometimes,Sometimes,Rarely,Often,Often,Never,Always,Always,Often,Often,Rarely,"Brazil elections, Argentina elections, Gaza","Bermuda Triangle, UFOs, Ghosts",@comidasaudavei. @magicastiktok @diy.home.tips
2/29/2024 14:36:56,18,She/her,Russian/Ukrainian,Once every week,For You,Always,Rarely,Rarely,Sometimes,Sometimes,Often,Always,Rarely,Sometimes,Rarely,Often,Rarely,Rarely,Often,Often,Often,Often,Rarely,Often,Sometimes,Rarely,1-5 videos,Rarely,Rarely,Often,Often,Sometimes,Sometimes,Often,Often,Often,Often,Sometimes,,,"@mxriyum, aesthetic baking/cooking videos  "
2/22/2024 21:59:01,19,She/her,"American, Brazilian, Canadian",Once everyday,For You,Always,Sometimes,Sometimes,Rarely,Never,Sometimes,Never,Never,Rarely,Never,Sometimes,Rarely,,Often,Always,Often,Rarely,Never,Always,Never,Never,1-5 videos,Sometimes,Rarely,Sometimes,Never,Never,Sometimes,Always,Always,Sometimes,Never,Always,IVF ban/being put at risk in Alabama,,Abbey Sharp
3/7/2024 17:48:11,20,He/him,Canadian,Multiple times a day,Friends,Always,Often,Never,Always,Rarely,Often,Always,Sometimes,Sometimes,Sometimes,Sometimes,Sometimes,Often,Always,Sometimes,Always,Often,Sometimes,Always,Rarely,Rarely,Upto 10 vidoes,Often,Sometimes,Often,Always,Sometimes,Often,Often,Often,Often,Sometimes,Sometimes,"Abortion Debates,  Feminists vs. Anti-Feminisits",,"Abby Sharpe, Justine "
2/29/2024 17:42:56,Zachary Bédard,He/him,Québecois,Never,I do not use TikTok,Never,Never,Never,Never,Never,Never,Never,Never,Never,Never,Never,Never,Never,Never,Never,Never,Never,Never,Never,Never,Never,Never go into accounts,Often,Rarely,Sometimes,Often,Sometimes,Sometimes,Never,Sometimes,Rarely,Sometimes,Often,"I have not watched any political topics on Tik Tok, I watch them on other apps.",,"Adam Ragusea, Chez fred fromager Urbain, Marco Piere white knor recipes."
2/23/2024 16:39:18,27,She/her,Black canadian/Haitian,Once everyday,For You,Always,Never,Sometimes,Sometimes,Rarely,Sometimes,Rarely,Always,Sometimes,Sometimes,Always,Rarely,,Always,Always,Sometimes,Sometimes,Never,Always,Always,Never,Upto 10 vidoes,Never,Never,Always,Always,Never,Often,Rarely,Often,Always,Rarely,Always,"Congo genocid, Crise du logement in Montreal",I do not watch any content about conspiracies,"Asian food, healthy food"
2/28/2024 20:41:42,18,She/her,white,Once in a while,Following,Sometimes,Often,Rarely,Sometimes,Never,Often,Rarely,Rarely,Sometimes,Never,Rarely,Sometimes,Rarely,Often,Often,Often,Sometimes,Sometimes,Sometimes,Sometimes,Sometimes,1-5 videos,Rarely,Often,Sometimes,Often,Rarely,Often,Often,Often,Rarely,Never,Never,"france bardella, trump biden, gipsy rose",no,baby food
2/29/2024 21:19:41,19,She/her,Latina,Multiple times a day,Friends,Often,Rarely,Rarely,Often,Sometimes,Often,Often,Often,Often,Often,Often,Rarely,Rarely,Often,Rarely,Often,Sometimes,Never,Often,Sometimes,Often,Upto 10 vidoes,Rarely,Rarely,Often,Always,Sometimes,Sometimes,Sometimes,Always,Often,Sometimes,Sometimes,I barely have political topics on my for you page,"Star Wars conspiracies, Dark theories in tv shows and movies like gravity falls, Area 51 ","Caloric deficit meals, sugar intake, cheap recipes "
2/23/2024 16:37:13,22,She/her,Haïtienne,Multiple times a day,For You,Often,Often,Rarely,Rarely,Never,Never,Sometimes,Rarely,Sometimes,Rarely,Rarely,Never,,Often,Often,Sometimes,Rarely,Never,Often,Never,Never,1-5 videos,Often,Sometimes,Often,Often,Sometimes,Sometimes,Often,Often,Often,Rarely,Rarely,"Récession, Palestine and Israël war",I dont Really watch that,"Calorie déficit, cooking tutorials, meal ideas "
3/8/2024 13:15:27,22,She/her,Egyptian/Canadian Born,Multiple times a day,For You,Always,Often,Rarely,Rarely,Often,Often,Often,Rarely,Often,Sometimes,Always,Often,Always,Often,Often,Often,Sometimes,Rarely,Often,Often,Rarely,Upto 10 vidoes,Sometimes,Rarely,Often,Always,Sometimes,Sometimes,Sometimes,Often,Always,Rarely,Often,"Palestinian liberation, greenwashing, trump",Conspiracies are usually about the US government terrorism. Mostly about the IDF's actions in Middle Eastern countries (don't know if this qualifies as conspiracy),"chopped salads, protein heavy meals, halal recipes"
3/15/2024 12:09:32,20,She/her,white Canadian,Once everyday,For You,Often,Rarely,Often,Never,Never,Sometimes,Often,Sometimes,Rarely,Rarely,Often,Sometimes,Sometimes,Often,Often,Often,Sometimes,Never,Often,Never,Never,1-5 videos,Sometimes,Sometimes,Often,Often,Never,Often,Often,Often,Often,Rarely,Rarely,,,Colleen Christensen
3/11/2024 11:13:23,20,She/her,Canadian,Multiple times a day,For You,Always,Rarely,Never,Never,Never,Often,Often,Never,Sometimes,Rarely,Rarely,Rarely,Rarely,Often,Often,Rarely,Never,Never,Often,Sometimes,Never,1-5 videos,Often,Rarely,Sometimes,Sometimes,Rarely,Rarely,Rarely,Often,Often,Never,Never,"Palestine, trump possible reelection, Canadian healthcare ",,"cookie videos/recipes, eat in a day, restaurants reviews"
3/3/2024 2:45:03,21,She/her,Chinese,Once everyday,For You,Always,Always,Always,Always,Always,Always,Sometimes,Sometimes,Always,Sometimes,Often,Rarely,Often,Often,Often,Often,Often,Sometimes,Often,Often,Sometimes,1-5 videos,Rarely,Often,Often,Sometimes,Rarely,Always,Sometimes,Sometimes,Always,Sometimes,Sometimes,,,"Cooking tutorial,"
3/7/2024 23:35:05,17,He/him,South Asian,Multiple times a day,For You,Always,Always,Sometimes,Sometimes,Sometimes,Often,Always,Never,Always,Sometimes,Always,Rarely,Never,Often,Sometimes,Never,Never,Always,Always,Sometimes,Always,1-5 videos,Sometimes,Never,Never,Rarely,Never,Never,Never,Always,Often,Never,Always,"Palestine, Leftist content, Queer content",,"cooking tutorials, introduction to specific cuisines"
3/13/2024 17:43:17,21,She/her,White and Black,Multiple times a day,For You,Always,Never,Rarely,Never,Sometimes,Often,Always,Rarely,Always,Never,Often,Sometimes,Sometimes,Often,Always,Often,Often,Rarely,Always,Rarely,Never,1-5 videos,Often,Sometimes,Sometimes,Rarely,Sometimes,Often,Often,Often,Always,Never,Often,"The US 2024 election candidates, the Middle East, and abortion/the right to contraception",The recent Kate Middleton conspiracy,"Cooking tutorials, restaurant recommendations"
3/7/2024 12:59:28,19,He/him,Eastern Europe,Multiple times a day,For You,Always,Never,Sometimes,Rarely,Rarely,Sometimes,Often,Sometimes,Often,Rarely,Often,Rarely,Rarely,Often,Often,Rarely,Never,Never,Often,Rarely,Never,Upto 10 vidoes,Often,Rarely,Rarely,Often,Sometimes,Often,Never,Often,Rarely,Sometimes,Sometimes,"Canada's current economy, Palestine vs Israel, upcoming US election ",Ultra wealthy ,Debunking supplement industry 
3/9/2024 4:47:10,21,He/him,Canadian,Once everyday,For You,Always,Rarely,Never,Never,Never,Rarely,Often,Never,Sometimes,Rarely,Rarely,Rarely,Rarely,Sometimes,Always,Rarely,Never,Never,Never,Never,Never,Upto 10 vidoes,Sometimes,Never,Rarely,Often,Never,Rarely,Often,Always,Often,Sometimes,Never,"I sometimes get videos about American politics out of context (I have no interest in actual politics, but these are kinda funny)","Every now and then, I'll get a podcast bro trying to make people believe something like dinosaurs had electricity. This is the only time I use the not interested feature.","dollartreedinners, sensationalsandwiches, suzaki65"
2/28/2024 14:21:07,18,He/him,Moroccan,Once in a while,For You,Sometimes,Never,Never,Rarely,Never,Often,Never,Never,Never,Never,Never,Never,Never,Often,Often,Often,Rarely,Never,Never,Never,Never,1-5 videos,Never,Sometimes,Always,Always,Never,Rarely,Never,Always,Always,Sometimes,Never,none,none,don't know names of creators
3/7/2024 12:49:18,18,He/him,French,Multiple times a day,For You,Always,Sometimes,Never,Never,Never,Rarely,Often,Rarely,Rarely,Rarely,Rarely,Never,Rarely,Often,Often,Often,Never,Never,Always,Never,Never,1-5 videos,Never,Sometimes,Never,Often,Rarely,Rarely,Rarely,Often,Sometimes,Often,Often,Don’t really watch politics,Don’t watch any,Dont really know 
2/23/2024 16:45:48,19,She/her,Québécoise ,Multiple times a day,For You,Always,Rarely,Often,Rarely,Never,Often,Often,Never,Sometimes,Never,Often,Rarely,,Often,Sometimes,Sometimes,Rarely,Never,Never,Never,Never,1-5 videos,Never,Rarely,Rarely,Sometimes,Rarely,Rarely,Often,Often,Sometimes,Rarely,Never,Nothing ,"Bermuda triangle, flights disappearance, Illuminati.","Easy recipes, better lifestyle with food, cooking to help people in need. "
3/15/2024 12:32:00,20,He/him,Syrian,Once everyday,For You,Always,Never,Often,Never,Never,Sometimes,Sometimes,Never,Sometimes,Sometimes,Rarely,Sometimes,Rarely,Always,Often,Never,Rarely,Never,Always,Never,Never,1-5 videos,Rarely,Never,Often,Always,Rarely,Always,Never,Often,Often,Sometimes,Sometimes,Canadian federal elections. EU politics. Russian Politics,Nothing that I recall recently,"Eddieabbew, susi.vidal"
3/7/2024 12:57:15,20,She/her,Canadian/Chinese,Once in a while,For You,Always,Never,Never,Never,Never,Sometimes,Never,Sometimes,Never,Never,Never,Never,Rarely,Often,Always,Never,Never,Never,Never,Never,Never,1-5 videos,Often,Rarely,Sometimes,Sometimes,Never,Sometimes,Never,Sometimes,Often,Never,Always,"Biden vs Trump, migrants in north america",None,"Emily Mariko, Idk their names"
3/13/2024 16:26:50,19,She/her,Asian,Multiple times a day,For You,Always,Sometimes,Never,Rarely,Never,Always,Rarely,Never,Always,Never,Always,Sometimes,Often,Often,Always,Always,Sometimes,Never,Never,Never,Never,1-5 videos,Sometimes,Sometimes,Sometimes,Often,Never,Sometimes,Rarely,Sometimes,Sometimes,Never,Never,"Royal family conspiracy about Kate Middleton, israel v palestine, tiktok being officially banned by legislation  ","Royal family conspiracy about Kate Middleton, Jubilee about flat earthers v scientists  ","gym what i eat in a day, creatine, cooking tutorials"
3/7/2024 13:22:40,19,She/her,French American Canadian (I am trinational),Once everyday,For You,Always,Rarely,Never,Never,Always,Sometimes,Often,Rarely,Always,Sometimes,Sometimes,Sometimes,Sometimes,Often,Often,Often,Often,Never,Often,Sometimes,Never,Upto 10 vidoes,Sometimes,Never,Never,Sometimes,Rarely,Sometimes,Rarely,Often,Rarely,Rarely,Rarely,"I like to watch French daily political recaps (@HugoDecrypt), Biden being old and senile, Bernie sanders!!!!",Watch too rarely!,Have never watched this!
2/24/2024 10:16:36,18,She/her,brazilian,Multiple times a day,For You,Always,Sometimes,Sometimes,Often,Rarely,Sometimes,Always,Rarely,Sometimes,Rarely,Often,Rarely,,Often,Always,Sometimes,Sometimes,Rarely,Always,Rarely,Rarely,1-5 videos,Rarely,Rarely,Sometimes,Often,Sometimes,Sometimes,Often,Always,Often,Rarely,Rarely,,the egg theory (about reincarnation),healthier snack options that are still sweet
3/15/2024 12:02:00,21,She/her,Chinese,Multiple times a day,For You,Always,Rarely,Never,Never,Never,Sometimes,Sometimes,Never,Rarely,Rarely,Often,Rarely,Never,Often,Often,Sometimes,Sometimes,Never,Always,Never,Never,Upto 10 vidoes,Never,Never,Often,Always,Rarely,Always,Never,Sometimes,Always,Often,Never,"Palestine, Biden's ban on TikTok",I don't watch conspiracies,"I don't retain names of creators, but I can recognize their faces"
3/14/2024 11:53:39,19,She/her,lebanese,Multiple times a day,For You,Always,Sometimes,Rarely,Sometimes,Never,Often,Often,Rarely,Often,Rarely,Often,Rarely,Rarely,Often,Often,Often,Often,Sometimes,Never,Never,Never,1-5 videos,Sometimes,Rarely,Rarely,Often,Sometimes,Sometimes,Sometimes,Often,Often,Sometimes,Always,watching politics on tiktok is stupid its all brainwashed white people,im not that interessted i just watch the video and move on unless i m in a phase,i watch private chef that cooks for millionaires its fun
3/7/2024 23:12:24,18,He/him,Canadian,Once every week,For You,Often,Sometimes,Rarely,Sometimes,Rarely,Rarely,Often,Sometimes,Rarely,Sometimes,Rarely,Rarely,Sometimes,Sometimes,Often,Rarely,Sometimes,Never,Often,Never,Never,1-5 videos,Rarely,Sometimes,Never,Often,Rarely,Sometimes,Sometimes,Often,Rarely,Sometimes,Rarely,"Gaza, American elections, Canadian",None,"Joey, Uncle Roger, mukbang"
3/7/2024 13:16:13,21,She/her,Turkish,Once everyday,For You,Always,Rarely,Rarely,Rarely,Rarely,Rarely,Often,Never,Sometimes,Rarely,Sometimes,Sometimes,Never,Often,Often,Often,Rarely,Never,Often,Rarely,Never,1-5 videos,Often,Sometimes,Rarely,Sometimes,Never,Always,Rarely,Always,Always,Never,Often,"Palestine, US politics, Turkish politics",,"Lifestyle, cooking, reading/books"
2/24/2024 12:32:32,17,She/her,Black-irish,Multiple times a day,For You,Always,Sometimes,Often,Rarely,Rarely,Always,Always,Rarely,Often,Sometimes,Often,Sometimes,,Often,Rarely,Rarely,Rarely,Rarely,Often,Rarely,Rarely,1-5 videos,Never,Sometimes,Never,Always,Sometimes,Often,Always,Always,Always,Sometimes,Sometimes,N/A,N/A,Lily
2/23/2024 18:45:53,24,She/her,Brasileira,Once in a while,Discover,Never,Rarely,Rarely,Rarely,Often,Often,Sometimes,Sometimes,Sometimes,Rarely,Rarely,Never,,Sometimes,Never,Rarely,Rarely,Rarely,Never,Sometimes,Rarely,1-5 videos,Rarely,Rarely,Rarely,Rarely,Rarely,Rarely,Rarely,Rarely,Rarely,Rarely,Rarely,guerras,nenhum,marmitas praticas
2/24/2024 12:25:11,18,She/her,Irish,Multiple times a day,For You,Often,Rarely,Rarely,Sometimes,Never,Rarely,Often,Never,Sometimes,Rarely,Often,Rarely,,Often,Sometimes,Sometimes,Sometimes,Never,Often,Never,Never,Upto 10 vidoes,Often,Never,Often,Often,Sometimes,Often,Rarely,Always,Often,Sometimes,Often,"War in gaza, cost of living crisis, forced migration ",,"Meal planning, “what i eat in a day” , food challenges"
2/23/2024 16:12:37,26,She/her,Haitian Canadian,Once everyday,For You,Always,Rarely,Never,Rarely,Never,Sometimes,Never,Never,Rarely,Never,Never,Never,,Often,Always,Never,Never,Never,Always,Never,Never,1-5 videos,Often,Never,Rarely,Often,Rarely,Sometimes,Rarely,Sometimes,Sometimes,Rarely,Sometimes,Woke,Scientology church,Meal prep
3/9/2024 13:18:03,22,He/him,"Quebecker, white",Once in a while,Tiktok sent by friend,Never,Never,Never,Never,Rarely,Rarely,Never,Never,Never,Never,Sometimes,Never,Never,Never,Never,Rarely,Rarely,Rarely,Never,Sometimes,Rarely,1-5 videos,Sometimes,Never,Sometimes,Often,Never,Sometimes,Never,Rarely,Sometimes,Never,Sometimes,"Big data policies, finance related (i.e. FED, interest rates, real estate), international politics",NA,Mostly 'for you' stuff on instagram
2/24/2024 10:29:41,17,She/her,irish,Multiple times a day,For You,Always,Sometimes,Often,Rarely,Never,Often,Sometimes,Often,Always,Rarely,Always,Rarely,,Always,Always,Sometimes,Often,Never,Always,Never,Never,Upto 10 vidoes,Sometimes,Never,Often,Always,Sometimes,Sometimes,Often,Often,Often,Often,Often,Genocide of  Isreal to Palestine,Murder Mysteries,"Mukbangs, Eating Diaries"
2/27/2024 14:19:21,21,She/her,Canadian,Multiple times a day,For You,Always,Never,Sometimes,Rarely,Never,Often,Often,Often,Sometimes,Rarely,Always,Rarely,,Always,Always,Sometimes,Rarely,Never,Always,Never,Never,1-5 videos,Always,Sometimes,Often,Always,Sometimes,Sometimes,Rarely,Rarely,Often,Never,Rarely,"Genocide in Gaza, US politics (Aaron Bushnelle) Québec politics (laws about renting an apartment)",I dont watch that much conspiracies and I dont follow any creators,"Mukbangs, healthy meal prep, eating on a budget"
3/8/2024 11:12:10,19,She/her,North African ,Multiple times a day,For You,Always,Sometimes,Rarely,Rarely,Rarely,Often,Sometimes,Sometimes,Rarely,Rarely,Rarely,Often,Sometimes,Often,Always,Often,Sometimes,Rarely,Often,Never,Sometimes,1-5 videos,Sometimes,Sometimes,Never,Often,Never,Often,Rarely,Sometimes,Often,Sometimes,Sometimes,"Haïti, Palestine, Congo",None,None
3/8/2024 15:19:30,19,He/him,Canadian/White,Once everyday,Search,Sometimes,Sometimes,Never,Never,Never,Always,Never,Never,Never,Never,Never,Never,Never,Sometimes,Never,Sometimes,Often,Never,Never,Never,Never,Upto 10 vidoes,Never,Rarely,Never,Often,Sometimes,Never,Never,Often,Often,Never,Never,N/A,idk,None
3/11/2024 11:59:45,19,He/him,canadian,Never,"it's just my sister who shows me her feed sometimes, not sure what page",Never,Never,Never,Never,Never,Never,Never,Sometimes,Never,Never,Never,Never,Never,Rarely,Never,Sometimes,Never,Sometimes,Never,Never,Sometimes,1-5 videos,Never,Never,Never,Often,Never,Never,Never,Rarely,Never,Never,Always,"not applicable, I do not watch that","not applicable, I do not watch that","not applicable, I do not watch that"
2/23/2024 16:33:49,22,She/her,Canadian - Haitian/Italian,Multiple times a day,For You,Always,Often,Never,Rarely,Sometimes,Sometimes,Always,Rarely,Sometimes,Often,Often,Sometimes,,Often,Often,Often,Sometimes,Never,Never,Never,Never,1-5 videos,Rarely,Rarely,Sometimes,Always,Sometimes,Sometimes,Often,Always,Often,Sometimes,Sometimes,,,"thedirtyraven, chefmaxmariola"
3/9/2024 15:00:57,19,She/her,Canadian/Serbian,Never,For You,Always,Often,Rarely,Sometimes,Never,Often,Often,Sometimes,Often,Sometimes,Often,Rarely,Sometimes,Often,Often,Rarely,Rarely,Rarely,Sometimes,Rarely,Sometimes,1-5 videos,Sometimes,Sometimes,Sometimes,Often,Rarely,Sometimes,Sometimes,Often,Always,Sometimes,Always,Always good for what is currently going on in the world,N/A,TheKoreanVegan
2/22/2024 21:55:17,21,He/him,South Asian / Bangladeshi,Multiple times a day,For You,Often,Rarely,Never,Rarely,Rarely,Sometimes,Often,Sometimes,Sometimes,Sometimes,Often,Rarely,,Often,Often,Rarely,Rarely,Never,Often,Sometimes,Never,Upto 10 vidoes,Often,Sometimes,Rarely,Often,Rarely,Rarely,Often,Often,Often,Never,Often,,,
2/23/2024 15:45:08,15,He/him,Brazilian,Multiple times a day,For You,Often,Sometimes,Often,Rarely,Sometimes,Sometimes,Often,Never,Often,Rarely,Often,Sometimes,,Often,Sometimes,Sometimes,Rarely,Never,Sometimes,Sometimes,Sometimes,1-5 videos,Rarely,Often,Rarely,Often,Never,Sometimes,Rarely,Often,Sometimes,Often,Sometimes,,,
2/23/2024 16:29:33,21,She/her,Canadien,Multiple times a day,For You,Always,Sometimes,Often,Rarely,Sometimes,Rarely,Rarely,Rarely,Sometimes,Rarely,Always,Never,,Always,Rarely,Always,Often,Never,Often,Sometimes,Often,1-5 videos,Sometimes,Rarely,Often,Often,Never,Sometimes,Rarely,Never,Always,Rarely,Always,,,
2/24/2024 10:35:44,17,She/her,sudanese,Multiple times a day,For You,Always,Never,Rarely,Rarely,Never,Often,Often,Never,Never,Never,Often,Rarely,,Often,Always,Rarely,Sometimes,Never,Often,Sometimes,Never,1-5 videos,Never,Never,Sometimes,Never,Never,Never,Never,Never,Never,Never,Never,,,
2/24/2024 13:42:49,19,She/her,Irish,Multiple times a day,For You,Always,Rarely,Never,Rarely,Never,Sometimes,Often,Rarely,Rarely,Sometimes,Often,Rarely,,Sometimes,Often,Never,Never,Rarely,Always,Rarely,Never,1-5 videos,Rarely,Rarely,Often,Often,Often,Often,Often,Often,Often,Rarely,Often,,,
2/25/2024 12:56:23,22,She/her,brazilian ,Multiple times a day,For You,Always,Never,Sometimes,Rarely,Rarely,Sometimes,Rarely,Always,Sometimes,Rarely,Often,Never,,Often,Sometimes,Sometimes,Sometimes,Sometimes,Sometimes,Sometimes,Sometimes,1-5 videos,Rarely,Sometimes,Often,Often,Rarely,Often,Often,Often,Often,Often,Often,,,
2/28/2024 14:16:35,20,She/her,"Chinese, Mauritian (nationality: Canadian)",Multiple times a day,For You,Always,Always,Sometimes,Sometimes,Never,Sometimes,Sometimes,Never,Sometimes,Sometimes,Often,Often,Often,Often,Often,Sometimes,Sometimes,Rarely,Often,Rarely,Rarely,1-5 videos,Rarely,Rarely,Sometimes,Sometimes,Rarely,Sometimes,Sometimes,Sometimes,Often,Rarely,Sometimes,,,
2/28/2024 16:23:20,21,He/him,c,Multiple times a day,For You,Sometimes,Rarely,Rarely,Often,Sometimes,Sometimes,Rarely,Rarely,Sometimes,Rarely,Rarely,Sometimes,Sometimes,Often,Always,Sometimes,Rarely,Sometimes,Sometimes,Rarely,Sometimes,1-5 videos,Often,Often,Often,Often,Sometimes,Rarely,Often,Sometimes,Rarely,Sometimes,Sometimes,,,
2/28/2024 21:03:58,19,He/him,Chinese,Multiple times a day,For You,Always,Sometimes,Rarely,Rarely,Sometimes,Often,Never,Sometimes,Rarely,Sometimes,Sometimes,Never,Rarely,Often,Sometimes,Always,Sometimes,Never,Sometimes,Always,Never,Upto 10 vidoes,Sometimes,Often,Sometimes,Sometimes,Rarely,Rarely,Rarely,Sometimes,Often,Often,Never,,,
2/28/2024 22:16:38,17,He/him,Caucasian (Azerbaijani),Multiple times a day,For You,Always,Rarely,Often,Rarely,Never,Sometimes,Sometimes,Never,Often,Never,Never,Never,Never,Often,Always,Rarely,Never,Never,Always,Never,Never,1-5 videos,Rarely,Often,Rarely,Often,Sometimes,Never,Rarely,Sometimes,Sometimes,Often,Sometimes,,,
2/29/2024 14:34:23,21,She/her,canadian,Multiple times a day,For You,Always,Rarely,Often,Rarely,Rarely,Often,Often,Rarely,Often,Often,Often,Sometimes,Rarely,Always,Sometimes,Sometimes,Sometimes,Sometimes,Often,Rarely,Sometimes,1-5 videos,Rarely,Rarely,Rarely,Always,Never,Often,Never,Often,Sometimes,Rarely,Often,,,
2/29/2024 14:45:03,20,She/her,French,Multiple times a day,For You,Always,Never,Sometimes,Sometimes,Never,Rarely,Often,Rarely,Often,Often,Sometimes,Rarely,Rarely,Often,Always,Often,Rarely,Never,Always,Rarely,Never,1-5 videos,Often,Never,Rarely,Often,Never,Always,Often,Always,Rarely,Rarely,Rarely,"France's political situation in the parliament, videos about what we know about North Korea, what were the political beliefs of the last century that brought us to where we are today",,
2/29/2024 15:55:51,19,She/her,Arab Albanian Canadian/American ,Multiple times a day,For You,Always,Rarely,Rarely,Rarely,Never,Rarely,Rarely,Never,Rarely,Sometimes,Often,Rarely,Rarely,Often,Often,Sometimes,Rarely,Rarely,Never,Never,Never,1-5 videos,Often,Sometimes,Rarely,Sometimes,Rarely,Sometimes,Rarely,Sometimes,Often,Rarely,Sometimes,"Palestine, US election, Congo ",,
3/1/2024 11:34:40,23,He/him,Canadian,Multiple times a day,Friends,Sometimes,Often,Rarely,Always,Rarely,Sometimes,Always,Always,Often,Always,Often,Sometimes,Often,Often,Sometimes,Never,Never,Often,Rarely,Rarely,Rarely,1-5 videos,Rarely,Never,Rarely,Often,Never,Rarely,Rarely,Always,Sometimes,Rarely,Often,,,
3/2/2024 12:22:16,23,He/him,Canada,Multiple times a day,For You,Always,Rarely,Rarely,Never,Never,Rarely,Sometimes,Never,Never,Rarely,Sometimes,Sometimes,Never,Often,Often,Sometimes,Sometimes,Never,Never,Never,Never,1-5 videos,Often,Never,Never,Sometimes,Never,Often,Never,Sometimes,Often,Sometimes,Sometimes,Israel/Palestine,,
3/7/2024 12:47:02,20,She/her,Canadian,Multiple times a day,For You,Always,Rarely,Rarely,Rarely,Rarely,Often,Often,Often,Always,Rarely,Rarely,Often,Often,Often,Sometimes,Often,Often,Sometimes,Often,Sometimes,Rarely,1-5 videos,Often,Sometimes,Rarely,Always,Rarely,Sometimes,Never,Sometimes,Rarely,Never,Often,"The genocide in Palestine, US elections, Sudan and Congo",,
3/7/2024 13:24:29,20,He/him,Canadian,Multiple times a day,For You,Always,Sometimes,Never,Never,Rarely,Often,Always,Never,Sometimes,Sometimes,Always,Rarely,Rarely,Often,Often,Rarely,Sometimes,Never,Always,Never,Never,Upto 10 vidoes,Rarely,Always,Never,Always,Never,Often,Never,Never,Sometimes,Often,Never,,,
3/7/2024 14:26:12,20,She/her,Canadian,Multiple times a day,For You,Always,Sometimes,Often,Sometimes,Rarely,Sometimes,Always,Always,Always,Always,Often,Always,Often,Often,Often,Often,Rarely,Rarely,Always,Sometimes,Never,Upto 10 vidoes,Rarely,Rarely,Sometimes,Always,Sometimes,Often,Always,Always,Always,Often,Sometimes,,,
3/7/2024 15:13:17,20,He/him,Italian-Canadian,Multiple times a day,For You,Always,Rarely,Never,Never,Never,Rarely,Rarely,Rarely,Rarely,Rarely,Sometimes,Sometimes,Rarely,Always,Often,Often,Rarely,Sometimes,Sometimes,Sometimes,Never,Upto 10 vidoes,Sometimes,Sometimes,Often,Often,Sometimes,Sometimes,Sometimes,Sometimes,Sometimes,Sometimes,Sometimes,,,
3/7/2024 15:18:25,19,She/her,Asian Canadian,Multiple times a day,For You,Always,Sometimes,Rarely,Often,Sometimes,Often,Often,Sometimes,Sometimes,Rarely,Often,Rarely,Often,Often,Sometimes,Always,Sometimes,Never,Often,Rarely,Never,Upto 10 vidoes,Often,Often,Sometimes,Often,Rarely,Always,Always,Always,Always,Always,Always,,,
3/7/2024 16:35:47,21,She/her,White,Multiple times a day,For You,Always,Never,Sometimes,Rarely,Rarely,Sometimes,Always,Never,Often,Rarely,Sometimes,Sometimes,Sometimes,Often,Often,Often,Rarely,Rarely,Always,Rarely,Rarely,1-5 videos,Sometimes,Rarely,Sometimes,Sometimes,Rarely,Often,Rarely,Often,Sometimes,Rarely,Often,,,
3/7/2024 20:04:15,18,She/her,Senegalese,Multiple times a day,For You,Always,Rarely,Rarely,Often,Never,Often,Often,Rarely,Sometimes,Rarely,Often,Sometimes,Often,Often,Always,Always,Sometimes,Never,Never,Never,Never,1-5 videos,Sometimes,Rarely,Rarely,Always,Sometimes,Sometimes,Sometimes,Often,Rarely,Rarely,Sometimes,,,
3/7/2024 23:01:42,19,She/her,Chinese Canadian,Multiple times a day,For You,Always,Rarely,Rarely,Rarely,Rarely,Sometimes,Often,Always,Sometimes,Sometimes,Always,Always,Always,Often,Often,Often,Sometimes,Never,Always,Never,Never,1-5 videos,Sometimes,Sometimes,Rarely,Often,Never,Often,Sometimes,Often,Sometimes,Always,Often,,,
3/7/2024 23:53:00,20,She/her,American,Multiple times a day,For You,Always,Sometimes,Never,Rarely,Never,Sometimes,Sometimes,Never,Never,Rarely,Sometimes,Rarely,Rarely,Often,Often,Sometimes,Rarely,Never,Always,Never,Never,1-5 videos,Sometimes,Never,Sometimes,Rarely,Never,Often,Sometimes,Often,Often,Rarely,Sometimes,,,
3/8/2024 12:03:13,21,She/her,Canadian,Multiple times a day,For You,Often,Rarely,Never,Never,Rarely,Rarely,Never,Never,Sometimes,Rarely,Never,Often,Rarely,Often,Often,Sometimes,Rarely,Never,Rarely,Rarely,Never,Upto 10 vidoes,Rarely,Sometimes,Rarely,Sometimes,Never,Rarely,Never,Sometimes,Sometimes,Rarely,Often,,,
3/8/2024 13:36:31,20,She/her,Turkish,Multiple times a day,For You,Always,Never,Rarely,Never,Never,Often,Sometimes,Sometimes,Rarely,Never,Rarely,Rarely,Often,Often,Often,Often,Often,Sometimes,Often,Never,Rarely,1-5 videos,Rarely,Rarely,Sometimes,Often,Rarely,Rarely,Never,Sometimes,Sometimes,Never,Sometimes,,,
3/9/2024 10:00:31,19,She/her,Turkish,Multiple times a day,Following,Always,Always,Sometimes,Always,Sometimes,Sometimes,Sometimes,Never,Often,Rarely,Often,Rarely,Never,Often,Often,Often,Sometimes,Sometimes,Sometimes,Sometimes,Sometimes,1-5 videos,Never,Always,Often,Rarely,Never,Never,Never,Sometimes,Often,Never,Never,,,
3/10/2024 13:45:23,18,She/her,"Lebanese, Middle eastern ",Multiple times a day,For You,Always,Never,Always,Rarely,Sometimes,Often,Often,Never,Often,Rarely,Often,Sometimes,Rarely,Often,Sometimes,Often,Rarely,Never,Always,Never,Always,1-5 videos,Never,Often,Rarely,Sometimes,Never,Often,Often,Always,Sometimes,Rarely,Often,,,
3/10/2024 15:49:59,20,He/him,Bolivian,Multiple times a day,For You,Often,Always,Never,Rarely,Rarely,Sometimes,Always,Sometimes,Always,Sometimes,Sometimes,Rarely,Rarely,Often,Often,Sometimes,Rarely,Never,Often,Rarely,Never,1-5 videos,Often,Always,Sometimes,Often,Sometimes,Sometimes,Rarely,Sometimes,Rarely,Often,Always,"US elections, corruption in Latin America, political/economic crisis in Bolivia",,
3/10/2024 18:08:57,20,He/him,Cameroonian,Multiple times a day,Search,Always,Sometimes,Rarely,Never,Never,Always,Sometimes,Never,Often,Rarely,Never,Never,Never,Always,Often,Often,Often,Rarely,Always,Never,Never,Upto 10 vidoes,Sometimes,Rarely,Never,Often,Never,Never,Often,Always,Sometimes,Sometimes,Rarely,,,
3/10/2024 22:14:51,20,She/her,Canada/ Morocco,Multiple times a day,For You,Often,Never,Often,Never,Never,Sometimes,Often,Never,Often,Rarely,Sometimes,Rarely,Rarely,Often,Always,Sometimes,Sometimes,Never,Always,Never,Never,1-5 videos,Rarely,Never,Never,Often,Never,Never,Never,Often,Never,Never,Never,,,
3/11/2024 16:20:17,21,He/him,African american,Multiple times a day,For You,Always,Rarely,Rarely,Rarely,Rarely,Sometimes,Always,Never,Always,Rarely,Often,Rarely,Sometimes,Sometimes,Often,Rarely,Never,Never,Always,Never,Never,Upto 10 vidoes,Never,Never,Never,Often,Never,Never,Never,Often,Sometimes,Often,Never,,,
3/11/2024 17:14:27,19,She/her,Lebanese,Multiple times a day,For You,Always,Often,Sometimes,Rarely,Rarely,Sometimes,Often,Never,Sometimes,Often,Often,Sometimes,Often,Always,Often,Often,Never,Never,Often,Never,Never,Upto 10 vidoes,Rarely,Sometimes,Sometimes,Sometimes,Rarely,Often,Rarely,Always,Always,Often,Often,,,
3/12/2024 10:21:45,18,He/him,White,Multiple times a day,For You,Always,Never,Never,Never,Rarely,Sometimes,Always,Never,Often,Never,Always,Rarely,Sometimes,Always,Always,Rarely,Rarely,Rarely,Always,Never,Never,1-5 videos,Sometimes,Always,Rarely,Always,Sometimes,Sometimes,Never,Sometimes,Rarely,Rarely,Never,2024 US Presidential Election,,
3/12/2024 20:57:58,22,He/him,Chinese,Multiple times a day,For You,Always,Often,Sometimes,Often,Never,Rarely,Never,Never,Rarely,Rarely,Sometimes,Never,Never,Often,Often,Often,Often,Often,Often,Often,Never,1-5 videos,Sometimes,Sometimes,Rarely,Often,Never,Sometimes,Sometimes,Often,Often,Often,Often,,,
3/15/2024 10:47:39,21,She/her,asian,Multiple times a day,For You,Always,Never,Rarely,Never,Never,Often,Always,Always,Sometimes,Sometimes,Often,Always,Always,Often,Always,Always,Always,Never,Always,Never,Never,1-5 videos,Never,Never,Sometimes,Sometimes,Never,Often,Rarely,Always,Sometimes,Always,Always,,,
3/15/2024 11:41:21,21,Any,Canadian,Multiple times a day,For You,Always,Rarely,Rarely,Never,Never,Often,Often,Rarely,Sometimes,Sometimes,Sometimes,Sometimes,Rarely,Often,Often,Often,Sometimes,Sometimes,Never,Never,Never,1-5 videos,Sometimes,Rarely,Sometimes,Sometimes,Never,Often,Rarely,Sometimes,Sometimes,Sometimes,Often,,,
2/28/2024 15:54:56,21,He/him,Canadian,Never,Used to be following,Never,Never,Never,Never,Never,Never,Never,Never,Never,Never,Never,Never,Never,Never,Never,Never,Never,Never,Never,Never,Never,Never go into accounts,Never,Never,Never,Never,Never,Never,Never,Never,Never,Never,Never,,,
3/7/2024 13:26:24,20,He/him,Algerian,Never,N/A,Never,Never,Never,Never,Never,Never,Never,Never,Never,Never,Never,Never,Never,Never,Never,Never,Never,Never,Never,Never,Never,Never go into accounts,Never,Never,Never,Never,Never,Never,Never,Never,Never,Never,Never,,,
3/7/2024 14:53:21,19,He/him,Chinese,Never,N/A,Never,Never,Never,Never,Never,Never,Never,Never,Never,Never,Never,Never,Never,Never,Never,Never,Never,Never,Never,Never,Never,Never go into accounts,Never,Never,Never,Never,Never,Never,Never,Never,Never,Never,Never,,,
3/13/2024 16:23:10,20,She/her,American,Never,For You,Always,Never,Sometimes,Never,Never,Sometimes,Rarely,Never,Sometimes,Never,Often,Sometimes,Sometimes,Rarely,Often,Always,Often,Rarely,Always,Never,Never,Upto 10 vidoes,Never,Never,Never,Always,Never,Sometimes,Sometimes,Sometimes,Rarely,Never,Never,,,
3/8/2024 1:23:30,19,He/him,Colombian,Once every week,For You,Always,Sometimes,Never,Never,Rarely,Sometimes,Never,Often,Often,Rarely,Often,Often,Often,Often,Always,Rarely,Never,Often,Often,Never,Never,1-5 videos,Rarely,Never,Sometimes,Often,Never,Rarely,Rarely,Often,Never,Often,Always,,,
2/23/2024 13:48:20,27,He/him,Brazilian,Once everyday,Friends,Often,Sometimes,Sometimes,Rarely,Often,Sometimes,Often,Sometimes,Sometimes,Sometimes,Sometimes,Rarely,,Sometimes,Rarely,Sometimes,Rarely,Sometimes,Sometimes,Sometimes,Rarely,1-5 videos,Rarely,Sometimes,Sometimes,Often,Sometimes,Rarely,Rarely,Often,Sometimes,Often,Rarely,,,
2/23/2024 20:14:55,26,She/her,Algerian ,Once everyday,Discover,Never,Rarely,Rarely,Rarely,Often,Sometimes,Never,Never,Never,Rarely,Often,Never,,Often,Rarely,Often,Rarely,Never,Rarely,Often,Never,1-5 videos,Sometimes,Rarely,Sometimes,Sometimes,Rarely,Rarely,Never,Never,Sometimes,Never,Never,,,
3/4/2024 14:56:56,20,She/her,White,Once everyday,Following,Often,Often,Rarely,Rarely,Rarely,Sometimes,Rarely,Rarely,Rarely,Rarely,Rarely,Rarely,Sometimes,Sometimes,Sometimes,Sometimes,Sometimes,Sometimes,Sometimes,Sometimes,Sometimes,1-5 videos,Often,Never,Rarely,Often,Never,Never,Rarely,Sometimes,Sometimes,Rarely,Often,,,
3/7/2024 14:58:53,22,He/him,Chinese,Once everyday,Following,Rarely,Sometimes,Often,Rarely,Always,Sometimes,Rarely,Rarely,Rarely,Rarely,Often,Rarely,Sometimes,Always,Always,Often,Often,Rarely,Always,Rarely,Sometimes,Upto 10 vidoes,Sometimes,Never,Often,Often,Never,Often,Rarely,Always,Often,Rarely,Rarely,,,
3/7/2024 15:06:34,20,He/him,Quebecois/Canadian,Once everyday,For You,Always,Rarely,Rarely,Never,Never,Sometimes,Sometimes,Often,Sometimes,Rarely,Often,Never,Never,Always,Often,Often,Sometimes,Never,Always,Never,Never,1-5 videos,Rarely,Rarely,Rarely,Always,Rarely,Sometimes,Often,Often,Often,Always,Sometimes,,,
3/7/2024 20:47:11,20,She/her,Venezuelan,Once everyday,For You,Always,Rarely,Never,Never,Never,Often,Often,Never,Always,Sometimes,Rarely,Often,Sometimes,Always,Always,Often,Often,Sometimes,Always,Never,Never,Upto 10 vidoes,Never,Sometimes,Never,Always,Never,Never,Always,Always,Rarely,Never,Always,,,
3/8/2024 18:50:42,19,She/her,Asian,Once everyday,For You,Often,Never,Never,Rarely,Never,Often,Sometimes,Never,Sometimes,Sometimes,Rarely,Rarely,Rarely,Always,Often,Sometimes,Rarely,Never,Often,Never,Never,1-5 videos,Sometimes,Sometimes,Sometimes,Often,Never,Always,Never,Often,Always,Often,Never,,,
3/8/2024 19:09:20,20,She/her,USA,Once everyday,For You,Often,Often,Rarely,Often,Rarely,Often,Often,Sometimes,Often,Often,Often,Rarely,Rarely,Often,Sometimes,Often,Sometimes,Sometimes,Often,Rarely,Sometimes,1-5 videos,Sometimes,Sometimes,Sometimes,Sometimes,Sometimes,Sometimes,Often,Always,Often,Often,Sometimes,,,
3/9/2024 15:59:03,18,She/her,Chinese,Once everyday,For You,Always,Never,Sometimes,Rarely,Sometimes,Sometimes,Often,Never,Never,Rarely,Rarely,Rarely,Rarely,Often,Often,Sometimes,Sometimes,Rarely,Often,Sometimes,Sometimes,1-5 videos,Rarely,Rarely,Sometimes,Rarely,Rarely,Often,Often,Often,Often,Often,Sometimes,,,
3/13/2024 16:25:11,19,She/her,Indian,Once everyday,For You,Always,Rarely,Never,Rarely,Sometimes,Sometimes,Rarely,Never,Rarely,Rarely,Often,Sometimes,Rarely,Often,Always,Sometimes,Sometimes,Never,Often,Rarely,Never,1-5 videos,Rarely,Sometimes,Never,Often,Rarely,Often,Sometimes,Often,Sometimes,Sometimes,Often,,,
3/15/2024 13:15:42,21,She/her,Chinese Canadian,Once everyday,For You,Always,Rarely,Rarely,Sometimes,Never,Sometimes,Rarely,Rarely,Sometimes,Sometimes,Rarely,Rarely,Rarely,Often,Sometimes,Often,Sometimes,Rarely,Often,Never,Rarely,1-5 videos,Rarely,Never,Sometimes,Rarely,Rarely,Often,Sometimes,Sometimes,Often,Never,Sometimes,,,
2/23/2024 13:51:15,18,She/her,Canadian,Once in a while,Search,Rarely,Never,Never,Never,Rarely,Sometimes,Never,Never,Never,Never,Sometimes,Never,,Sometimes,Never,Sometimes,Sometimes,Never,Never,Never,Never,1-5 videos,Never,Never,Never,Sometimes,Never,Never,Never,Sometimes,Never,Never,Never,,,
3/7/2024 13:16:58,19,She/her,White Canadian,Once in a while,For You,Rarely,Never,Never,Never,Never,Sometimes,Rarely,Never,Sometimes,Never,Never,Sometimes,Never,Often,Often,Often,Rarely,Rarely,Sometimes,Sometimes,Rarely,Never go into accounts,Rarely,Never,Sometimes,Sometimes,Never,Never,Never,Never,Never,Never,Sometimes,,,
3/7/2024 15:41:47,19,She/her,Canadian (Québec),Once in a while,Search,Rarely,Never,Never,Rarely,Never,Often,Sometimes,Sometimes,Sometimes,Rarely,Rarely,Never,Never,Sometimes,Rarely,Rarely,Sometimes,Never,Never,Never,Never,1-5 videos,Never,Never,Never,Never,Never,Sometimes,Never,Never,Never,Never,Often,,,
3/8/2024 11:44:38,22,He/him,White (Serbian),Once in a while,For You,Rarely,Rarely,Never,Never,Rarely,Rarely,Often,Rarely,Never,Never,Never,Never,Never,Sometimes,Never,Sometimes,Sometimes,Never,Rarely,Sometimes,Never,1-5 videos,Sometimes,Always,Never,Sometimes,Sometimes,Sometimes,Never,Sometimes,Sometimes,Rarely,Never,,,
3/10/2024 23:46:50,22,She/her,Egyptian,Once in a while,For You,Always,Rarely,Sometimes,Never,Never,Sometimes,Always,Rarely,Often,Sometimes,Sometimes,Rarely,Often,Sometimes,Often,Sometimes,Sometimes,Never,Never,Never,Never,1-5 videos,Sometimes,Often,Never,Never,Never,Sometimes,Sometimes,Sometimes,Sometimes,Never,Often,,,
3/18/2024 0:03:37,20,He/him,French,Never,Following,Always,Always,Never,Never,Never,Rarely,Always,Sometimes,Sometimes,Often,Rarely,Rarely,Sometimes,Often,Often,Sometimes,Rarely,Never,Often,Often,Never,Upto 10 vidoes,Sometimes,Rarely,Rarely,Sometimes,Never,Sometimes,Rarely,Often,Rarely,Rarely,Always,,,
3/18/2024 9:35:15,19,They/them,Chinese,Never,None,Never,Never,Never,Never,Never,Never,Never,Never,Never,Never,Never,Never,Never,Never,Never,Never,Never,Never,Never,Never,Never,Never go into accounts,Never,Never,Never,Never,Never,Never,Never,Never,Never,Never,Never,,,
3/18/2024 14:51:20,20,He/him,French,Multiple times a day,For You,Always,Never,Never,Never,Never,Rarely,Often,Never,Often,Sometimes,Rarely,Often,Never,Often,Always,Rarely,Rarely,Never,Always,Never,Never,1-5 videos,Never,Never,Sometimes,Always,Never,Never,Never,Often,Always,Always,Never,,,Joshua Weismann
3/18/2024 15:11:05,21,He/him,Lebanese/Canadian,Multiple times a day,For You,Always,Rarely,Often,Never,Never,Often,Often,Often,Often,Sometimes,Often,Sometimes,Sometimes,Often,Often,Often,Often,Rarely,Sometimes,Sometimes,Sometimes,1-5 videos,Sometimes,Rarely,Never,Often,Never,Never,Never,Often,Often,Always,Sometimes,"Palestine/Israel situation, Tik Tok ban, Wendy's dynamic pricing model",,
3/20/2024 19:26:22,21,She/her,Kenya/ Black African,Once everyday,For You,Always,Always,Often,Sometimes,Never,Rarely,Always,Sometimes,Often,Often,Always,Often,Never,Always,Always,Often,Never,Never,Always,Never,Never,1-5 videos,Often,Sometimes,Rarely,Always,Sometimes,Sometimes,Often,Always,Often,Often,Never,"Palestine Gaza Conflict, Congo Conflict, more police in NYC subway",McGill will move to Ontario to avoid French,"Tasty quick meal prep ideas, easy meals to impress, food restocks/organisation"
3/21/2024 15:09:29,19,He/him,French,Multiple times a day,For You,Always,Rarely,Rarely,Rarely,Rarely,Often,Often,Never,Often,Rarely,Always,Sometimes,Never,Often,Always,Rarely,Rarely,Never,Often,Never,Never,1-5 videos,Sometimes,Rarely,Sometimes,Often,Never,Sometimes,Rarely,Often,Often,Often,Never,,,
3/21/2024 15:09:47,21,She/her,Chinese,Multiple times a day,For You,Always,Never,Never,Never,Never,Often,Always,Sometimes,Always,Rarely,Always,Rarely,Rarely,Sometimes,Often,Often,Often,Never,Never,Never,Never,1-5 videos,Never,Sometimes,Sometimes,Sometimes,Rarely,Often,Often,Often,Always,Often,Always,,,
3/21/2024 15:13:13,20,She/her,American ,Multiple times a day,For You,Often,Sometimes,Often,Often,Rarely,Rarely,Often,Rarely,Often,Sometimes,Often,Sometimes,Sometimes,Often,Often,Often,Sometimes,Sometimes,Never,Never,Never,1-5 videos,Sometimes,Sometimes,Never,Often,Rarely,Often,Sometimes,Sometimes,Often,Rarely,Rarely,"Genocide in Palestine, Katie Britt, Nikki Haley",,"Cooking tutorials, Grocery hauls"
3/21/2024 15:16:34,22,She/her,Canadian,Multiple times a day,For You,Always,Never,Sometimes,Never,Never,Often,Often,Never,Often,Sometimes,Sometimes,Sometimes,Sometimes,Always,Always,Sometimes,Sometimes,Never,Always,Never,Never,Upto 10 vidoes,Sometimes,Sometimes,Rarely,Sometimes,Sometimes,Often,Often,Often,Always,Sometimes,Never,"Quebec language, housing crisis","Illuminati, richest people in the world's control","cooking tutorials, healthy meals"
3/21/2024 15:22:33,19,She/her,"Arab, Jordanian ",Multiple times a day,For You,Always,Often,Rarely,Sometimes,Sometimes,Often,Always,Sometimes,Always,Always,Always,Sometimes,Always,Always,Always,Sometimes,Sometimes,Rarely,Often,Sometimes,Rarely,1-5 videos,Rarely,Rarely,Often,Often,Often,Often,Often,Always,Always,Sometimes,Often,Palestine vs isreal ,I forogt,i dont know specifically
3/21/2024 15:25:27,21,She/her,Chinese,Once everyday,For You,Always,Rarely,Never,Never,Never,Often,Rarely,Rarely,Sometimes,Rarely,Never,Never,Often,Often,Sometimes,Always,Sometimes,Never,Often,Often,Never,1-5 videos,Sometimes,Rarely,Often,Always,Often,Often,Always,Always,Often,Sometimes,Sometimes,"Genocide on Gaza, Protest for tuition spike in quebec, Protest for french increase in quebec",I don't watch any,I don't remember the creator
3/21/2024 15:29:58,21,She/her,Serbian,Once in a while,Friends,Always,Rarely,Sometimes,Sometimes,Never,Sometimes,Always,Sometimes,Often,Rarely,Often,Often,Often,Often,Often,Often,Rarely,Never,Often,Never,Never,1-5 videos,Sometimes,Rarely,Often,Sometimes,Never,Sometimes,Rarely,Often,Often,Never,Always,Female gaze,,"What I eat in a day Disney, karissaeats, healthy recipes"
3/21/2024 15:30:11,21,She/her,Middle Eastern/Ashkenazi Jewish,Multiple times a day,For You,Always,Never,Never,Rarely,Never,Often,Often,Rarely,Often,Often,Often,Sometimes,Often,Often,Always,Rarely,Sometimes,Never,Never,Never,Never,Upto 10 vidoes,Often,Rarely,Rarely,Often,Never,Often,Never,Often,Always,Never,Often,,,
3/21/2024 15:31:08,20,She/her,White,Multiple times a day,For You,Often,Often,Often,Often,Never,Often,Often,Sometimes,Never,Sometimes,Often,Never,Often,Always,Often,Sometimes,Often,Often,Often,Often,Often,1-5 videos,Sometimes,Rarely,Often,Sometimes,Often,Often,Rarely,Always,Always,Often,Always,,,
3/21/2024 15:35:33,23,She/her,Canadian (Mixed Italian and Middle Eastern),Multiple times a day,For You,Always,Rarely,Never,Never,Never,Sometimes,Sometimes,Never,Often,Rarely,Never,Rarely,Sometimes,Often,Often,Sometimes,Sometimes,Sometimes,Never,Never,Never,Upto 10 vidoes,Often,Never,Rarely,Rarely,Rarely,Never,Never,Sometimes,Often,Never,Often,"Canadian current politics, Congo Genocide, Palestine Genocide",none,"Nara Smith, "
3/21/2024 15:37:27,22,She/her,Chinese,Once everyday,For You,Always,Rarely,Rarely,Never,Rarely,Rarely,Often,Rarely,Sometimes,Sometimes,Sometimes,Rarely,Sometimes,Often,Often,Often,Often,Never,Often,Rarely,Never,1-5 videos,Sometimes,Often,Sometimes,Sometimes,Rarely,Often,Sometimes,Often,Often,Sometimes,Sometimes,,,
3/21/2024 15:52:00,22,He/him,American,Once everyday,For You,Always,Never,Never,Never,Never,Never,Never,Always,Never,Never,Never,Often,Never,Always,Always,Never,Never,Never,Never,Never,Never,1-5 videos,Rarely,Rarely,Never,Sometimes,Sometimes,Never,Never,Never,Sometimes,Sometimes,Never,General American news cycle ,,Cooking Tutorials for college students 
3/21/2024 16:03:16,21,She/her,Indian,Once in a while,For You,Often,Rarely,Never,Never,Often,Sometimes,Often,Sometimes,Rarely,Sometimes,Sometimes,Never,Often,Often,Often,Sometimes,Sometimes,Never,Sometimes,Often,Never,Never go into accounts,Never,Never,Sometimes,Sometimes,Sometimes,Sometimes,Never,Often,Sometimes,Never,Never,,,
3/21/2024 16:22:11,23,She/her,Chinese,Multiple times a day,For You,Always,Often,Sometimes,Never,Never,Often,Sometimes,Never,Always,Sometimes,Often,Sometimes,Sometimes,Always,Often,Often,Often,Never,Often,Rarely,Never,1-5 videos,Rarely,Never,Sometimes,Always,Rarely,Sometimes,Sometimes,Often,Sometimes,Rarely,Never,,,
3/21/2024 18:20:21,22,He/him,Arab,Multiple times a day,For You,Always,Never,Rarely,Always,Never,Never,Always,Never,Sometimes,Sometimes,Always,Rarely,Rarely,Always,Always,Never,Never,Never,Always,Never,Never,1-5 videos,Sometimes,Rarely,Rarely,Often,Rarely,Always,Never,Always,Sometimes,Always,Never,,,
3/21/2024 19:42:20,21,He/him,Middle Eastern,Once everyday,For You,Always,Rarely,Sometimes,Never,Never,Rarely,Always,Often,Often,Sometimes,Rarely,Sometimes,Never,Always,Always,Rarely,Sometimes,Never,Always,Sometimes,Sometimes,Upto 10 vidoes,Rarely,Sometimes,Sometimes,Often,Never,Sometimes,Sometimes,Always,Often,Rarely,Often,"The banning of TikTok in the USA, racism against black people, and that's about it.",None.,"J. Kenji Lopez Alt, Chuck Cruz, TheRappingChef"
3/24/2024 14:37:30,22,She/her,canadian,Once everyday,For You,Always,Sometimes,Never,Sometimes,Never,Sometimes,Sometimes,Never,Sometimes,Never,Often,Rarely,Never,Often,Often,Rarely,Sometimes,Never,Sometimes,Never,Never,1-5 videos,Rarely,Sometimes,Sometimes,Rarely,Rarely,Never,Sometimes,Sometimes,Often,Never,Often,,,
3/25/2024 14:50:21,18,He/him,Indian,Once every week,For You,Always,Rarely,Sometimes,Never,Never,Often,Always,Never,Always,Never,Never,Never,Never,Often,Never,Always,Never,Never,Never,Never,Never,Upto 10 vidoes,Never,Never,Never,Never,Never,Never,Never,Always,Always,Often,Never,,,
3/25/2024 14:51:49,20,She/her,Canadian,Multiple times a day,For You,Always,Always,Rarely,Often,Never,Sometimes,Often,Rarely,Sometimes,Sometimes,Sometimes,Rarely,Often,Often,Often,Sometimes,Sometimes,Never,Rarely,Rarely,Rarely,Upto 10 vidoes,Rarely,Rarely,Often,Sometimes,Rarely,Often,Sometimes,Often,Often,Rarely,Often,,,
3/25/2024 14:52:13,19,He/him,American/French,Once in a while,Following,Often,Often,Never,Never,Never,Sometimes,Sometimes,Rarely,Rarely,Sometimes,Sometimes,Always,Never,Always,Always,Never,Never,Never,Never,Never,Never,1-5 videos,Often,Often,Rarely,Always,Never,Sometimes,Never,Never,Always,Always,Sometimes,"Jerrymandering, Justin Trudeau conflicts",,
3/25/2024 14:52:29,20,He/him,White Canadian,Once everyday,For You,Always,Never,Never,Never,Never,Rarely,Often,Never,Never,Never,Often,Sometimes,Never,Often,Always,Rarely,Rarely,Rarely,Always,Never,Never,1-5 videos,Sometimes,Rarely,Rarely,Sometimes,Rarely,Rarely,Rarely,Sometimes,Sometimes,Sometimes,Sometimes,"Pine Gap, Loan forgiving, Boeing situation",,
3/25/2024 14:52:31,20,She/her,egyptian,Multiple times a day,For You,Always,Rarely,Never,Never,Sometimes,Often,Rarely,Always,Always,Rarely,Often,Rarely,Often,Often,Often,Always,Always,Never,Always,Rarely,Never,1-5 videos,Often,Rarely,Rarely,Often,Often,Often,Rarely,Often,Sometimes,Often,Always,,,
3/25/2024 14:54:41,20,She/her,Mixed race,Once everyday,For You,Always,Often,Rarely,Sometimes,Rarely,Rarely,Never,Never,Rarely,Sometimes,Sometimes,Rarely,Sometimes,Often,Often,Sometimes,Rarely,Sometimes,Often,Sometimes,Sometimes,Upto 10 vidoes,Sometimes,Often,Sometimes,Often,Rarely,Sometimes,Never,Often,Rarely,Never,Sometimes,,,1. cooking tutorials 2. what people eat in a day 3. vegetarian recipes
3/25/2024 14:55:33,19,She/her,Canadian,Multiple times a day,For You,Always,Rarely,Often,Sometimes,Never,Sometimes,Always,Never,Always,Sometimes,Often,Sometimes,Rarely,Always,Often,Sometimes,Rarely,Never,Always,Never,Never,1-5 videos,Rarely,Sometimes,Rarely,Often,Never,Never,Never,Often,Often,Rarely,Always,"The TikTok Ban in the USA, the Palestine-Israel conflict",,"Emily Mariko, Nara Smith"
3/25/2024 14:57:07,19,She/her,Egyptian/canadian,Multiple times a day,For You,Always,Sometimes,Never,Sometimes,Never,Sometimes,Often,Sometimes,Sometimes,Sometimes,Often,Never,Never,Always,Always,Rarely,Rarely,Never,Always,Never,Never,1-5 videos,Often,Often,Rarely,Sometimes,Never,Never,Sometimes,Often,Sometimes,Never,Never,The genocide in palestine,I don’t have any conspiracies on my FYP,Nara smith
3/25/2024 15:00:16,20,She/her,Bangladeshi ,Once in a while,For You,Often,Rarely,Never,Rarely,Never,Often,Often,Always,Sometimes,Sometimes,Always,Always,Always,Often,Often,Often,Often,Never,Often,Often,Often,1-5 videos,Often,Sometimes,Sometimes,Often,Often,Often,Rarely,Always,Always,Sometimes,Sometimes,"Israel palestine conflict, canadian liberal conservative politics, ronaldo vs messi","Kate middleton's cancer diagnosis (royal family in general), government of canada conspiracies, malaysian airlines","Desserts, italian food cooking tutorials, healthy food ideas"
3/25/2024 15:00:26,21,She/her,Bangladeshi,Once everyday,For You,Always,Sometimes,Rarely,Sometimes,Sometimes,Always,Always,Rarely,Sometimes,Often,Often,Sometimes,Sometimes,Often,Often,Often,Often,Rarely,Sometimes,Sometimes,Sometimes,1-5 videos,Often,Rarely,Sometimes,Always,Always,Often,Sometimes,Always,Always,Rarely,Sometimes,Current events around the world,any type of conspiracy theory backed up by compelling and realistic points,"recipes, and meal plans"
3/25/2024 15:01:28,18,She/her,Canada & India,Multiple times a day,Following,Always,Often,Never,Sometimes,Never,Often,Often,Rarely,Sometimes,Sometimes,Sometimes,Rarely,Sometimes,Often,Often,Sometimes,Rarely,Rarely,Always,Never,Never,1-5 videos,Sometimes,Sometimes,Rarely,Often,Sometimes,Sometimes,Sometimes,Often,Always,Never,Often,,,
3/25/2024 15:22:52,20,He/him,American,Never,N/A,Never,Never,Never,Never,Never,Never,Never,Never,Never,Never,Never,Never,Never,Never,Never,Never,Never,Never,Never,Never,Never,Never go into accounts,Never,Never,Never,Never,Never,Never,Never,Never,Never,Never,Never,N/A,N/A,N/A
3/25/2024 21:28:42,20,She/her,Canadian,Multiple times a day,For You,Always,Rarely,Never,Never,Never,Often,Rarely,Never,Sometimes,Rarely,Often,Sometimes,Rarely,Often,Always,Often,Sometimes,Never,Always,Never,Never,1-5 videos,Sometimes,Never,Sometimes,Often,Often,Always,Never,Often,Always,Rarely,Never,"Bill 96, Israel and Palestine Conflict, Trump vs Biden ","Illuminati, Book of Enoch","lunch ideas, weekly food plans"
3/26/2024 16:52:53,21,He/him,South-Asian/Middle-Eastern,Once everyday,For You,Always,Sometimes,Sometimes,Sometimes,Sometimes,Sometimes,Sometimes,Sometimes,Sometimes,Sometimes,Sometimes,Sometimes,Sometimes,Often,Sometimes,Sometimes,Sometimes,Sometimes,Sometimes,Sometimes,Sometimes,1-5 videos,Often,Often,Sometimes,Always,Sometimes,Sometimes,Sometimes,Always,Always,Sometimes,Sometimes,Free Palestine,P Diddy,ASMR Jade
3/27/2024 15:01:26,20,She/her,Albanian ,Multiple times a day,For You,Always,Rarely,Sometimes,Rarely,Never,Sometimes,Always,Always,Often,Rarely,Always,Sometimes,Sometimes,Sometimes,Often,Rarely,Sometimes,Rarely,Often,Never,Never,1-5 videos,Rarely,Rarely,Rarely,Often,Rarely,Often,Sometimes,Often,Sometimes,Never,Sometimes,,,
3/28/2024 21:50:32,22,He/him,Bangladeshi,Once in a while,For You,Always,Never,Never,Never,Sometimes,Sometimes,Often,Rarely,Rarely,Rarely,Never,Rarely,Sometimes,Sometimes,Sometimes,Often,Rarely,Never,Often,Sometimes,Never,1-5 videos,Often,Sometimes,Never,Always,Never,Sometimes,Rarely,Sometimes,Sometimes,Rarely,Sometimes,"Gaza genocide, Donald Trump, Joe Biden",,
3/31/2024 21:12:22,20,She/her,Canadian,Once everyday,For You,Always,Sometimes,Rarely,Rarely,Rarely,Sometimes,Often,Rarely,Sometimes,Rarely,Always,Rarely,Often,Often,Often,Sometimes,Sometimes,Rarely,Often,Sometimes,Sometimes,1-5 videos,Often,Rarely,Often,Often,Often,Always,Sometimes,Often,Often,Sometimes,Sometimes,"LGBTQ rights, feminism, US and Canadian elections ",Science related and political ,"cooking tutorials, hair tutorials, and coding/science funfacts and lessons"