Email,Password,Age,Usernames,DOB,Age Groups,Who is using
mupfuk@theglobi.link,hello_world2004,16,keira.west6,06/10/2007,ages 16-18,Tales
silnoj@theglobi.link,justice2023!,16,brian.waters5,05/20/2007,,Arpan
siemim@fakel.xyz,featherBoa10?,16,bella.jackson45,09/24/2007,,
vaazuh@fakel.xyz,stickSeason???5,16,vanna.zuri,10/31/2007,,Tales
patpoa@theglobi.link,beach_queen123,17,patpomkkcbg,04/30/2006,,Arpan
tacdat@fakel.xyz,ilovepizza12$,17,tacdaeeo9ef,05/20/2006,,
wiodec@fakel.xyz,lemonadeLine?4,17,wiodekibgba,01/10/2007,,Tales
dencoc@theglobi.link,dogs_cats11,17,damian.phillips97,06/10/2006,,Arpan
botzok@theglobi.link,dial_drunk:4,17,boris.zachary,10/10/2006,,
viiham@theglobi.link,rosiedog1023(,18,villa.hamilton,02/28/2006,,Tales
meitac@fakel.xyz,captain?fluff200,18,tiana.kate,02/09/2006,,Arpan
lucfoj@fakel.xyz,trendKing10$,18,lucas.fojok,01/01/2006,,
dilwah@theglobi.link,gold_fish_lover5,18,delia.ty2,03/10/2006,,Tales
temmun@fakel.xyz,vampire34?,18,teddy.munchkin,01/01/2006,,Arpan
ruwhip@fakel.xyz,driversLicense3000/,19,ruwhimmzy0e,04/30/2004,age 19,
baojiw@theglobi.link,deja_vu40:,19,bao.win7,05/30/2004,,Tales
pucguf@fakel.xyz,cardigan12/,19,puri.guffaw,06/30/2004,,Arpan
pubpaj@theglobi.link,champagne_problems5,19,pub.patel,07/30/2004,,
tuphas@theglobi.link,sparks_fly10,19,petunia.pham,08/30/2004,,Tales
cofhed@theglobi.link,speakNow!4,19,cofhezri6cv,09/30/2004,,Arpan
zizlof@theglobi.link,allTooWell200(,19,emma.love338,10/30/2004,,
pijsef@theglobi.link,newYorker12345&,19,pilar.seth,11/30/2004,,Tales
heptoh@fakel.xyz,corneliaStreet@7,19,heath.potomac,12/30/2004,,Arpan
morbiz@theglobi.link,"evermore,5",19,morbiz.lewis,01/01/2005,,
fukrat@fakel.xyz,folklore_1227,19,fukratvv9t1,02/01/2005,,Tales
dasziw@theglobi.link,fearless345(,19,dasziiva6jc,03/01/2005,,Arpan
macnup@fakel.xyz,our_song98;,19,mackenna.dunn,03/30/2005,,
haojeo@fakel.xyz,timMcgraw-2,19,haofeng.j,01/30/2005,,Tales
kamfan@fakel.xyz,karma_is_my_fren6,19,kameron.fannita,12/01/2004,,Arpan
manrip@fakel.xyz,midnights78*,19,manuel.rip8,11/01/2004,,
dombuu@theglobi.link,anti_hero11,19,dominic.buster,10/01/2004,,Tales
sinfac@fakel.xyz,reputation545/,19,sinfappl5hc,09/01/2004,,Arpan
wokgeu@fakel.xyz,perfectly_fine44,19,wilson.gok,08/01/2004,,
fevhua@fakel.xyz,Cashew14!,20,fev204,,age 20,Tales
rinnic@theglobi.link,DogPerson2020?,20,riri66551,,,Arpan
cucnun@theglobi.link,CountingStars1$,20,cancun4748,09/13/2003,,
zijrol@theglobi.link,Zach/mcgill1,20,zach52981,11/18/2003,,Tales
vinlof@theglobi.link,pitbull34(,20,vinnyloft,4/30/2003,,Arpan
fisdei@theglobi.link,beckyg2004;,20,finn.deus0,5/30/2003,,
zaspac@fakel.xyz,icedTea12!,20,zasparjnod4,6/30/2003,,Tales
suuduz@theglobi.link,sodaPop23!,20,susan.padre,7/30/2003,,Arpan
beeses@fakel.xyz,gingerAle34!,20,beesetqyzwt,8/30/2003,,
lurgik@theglobi.link,pastaSauce45!,20,luigi.rick8,9/30/2003,,Tales
jodtol@fakel.xyz,alfredoCream56!,20,jo.total,10/30/2003,,Arpan
wiekal@theglobi.link,SushiYes12!,20,will6743,11/30/2003,,
lonwuv@fakel.xyz,ipadmax9@,20,lon69272,12/30/2003,,Tales
bawjih@fakel.xyz,Basil20),20,brittany.avery7,1/1/2004,,Arpan
nospum@theglobi.link,Charlie1.,20,nora64273,2/1/2004,,
catjet@fakel.xyz,Influencer#1,20,cat_jet2,3/1/2004,,Tales
cilvuk@fakel.xyz,Celia2:),20,ceciliajones04,4/1/2004,,Arpan
fefwaf@theglobi.link,Pizza100$,20,waffle8544,3/30/2004,,
tavmok@theglobi.link,icecream4life!,20,tasha0364,1/30/2004,,Tales
pumdoh@fakel.xyz,calc3ready?,20,pamela_smith48,12/1/2003,,Arpan
coswib@theglobi.link,No12345~,20,cole77594,11/1/2003,,
fipmia@theglobi.link,AppleWizard-1,20,mia_taylor26,10/1/2003,,Tales
rifdem@fakel.xyz,rif:tiktok0,20,rifda_em,10/8/2003,,Arpan
lovdih@fakel.xyz,"Promise2,",21,love_henderson3,12/15/2002,age 21,
fuabas@fakel.xyz,Fireball123-,21,mynameis.felix12,06/25/2002,,Tales
vemdec@theglobi.link,Italy999/,21,valencia_t2,04/30/2002,,Arpan
mamron@theglobi.link,Oscar146@,21,mani62599,05/30/2002,,
gaunin@theglobi.link,Swimming20-,21,george_m20,06/30/2002,,Tales
nuewat@fakel.xyz,Nunavut(5),21,nate_man9,07/30/2002,,Arpan
pattiz@fakel.xyz,Patrick20&,21,patrick.nick12,08/30/2002,,
diopib@theglobi.link,hemisphere7-,21,diplo.p,09/30/2002,,Tales
pahduj@fakel.xyz,Mariahcarey1.,21,pauline.du8,10/30/2002,,Arpan
sedbit@theglobi.link,21and@party,21,sedbi.t,11/30/2002,,
lemwif@theglobi.link,Passkey100!,21,lemma707,12/30/2002,,Tales
helsen@theglobi.link,Chrome21?,21,ella.h016,01/01/2003,,Arpan
dipraf@fakel.xyz,SelenaGomez&1,21,raf.di7,02/01/2003,,
sinjed@fakel.xyz,Facetime&2,21,sid.jared,03/01/2003,,Tales
gernur@fakel.xyz,iCloud/10,21,george.ur,03/30/2003,,Arpan
dejluo@fakel.xyz,Popcorn@me2,21,delia.lu0,01/30/2003,,
nowliz@fakel.xyz,sweet22@,21,liz.now1,12/01/2002,,Tales
ceszim@fakel.xyz,eat/craving3,21,cesar.z4,11/01/2002,,Arpan
nagrag@theglobi.link,Natalie2001?,22,natalie.rogers5,06/06/2001,age 22,
wefgev@theglobi.link,Giraffe.101,22,wes4859,04/30/2001,,Tales
siutor@fakel.xyz,SineWave;1,22,tora14557,06/30/2001,,Arpan
kitlim@theglobi.link,kittencute1!,22,kim431849,10/30/2001,,
deofur@fakel.xyz,leonardo/davinci1,22,leo93546,01/01/2002,,Tales
loucor@fakel.xyz,airpods4music.,22,louis_cor2,02/01/2002,,Arpan
kazbev@theglobi.link,Camilla@9,22,beverly.k4,03/01/2002,,
,,22,,03/30/2002,,Tales
,,22,,11/30/2001,,Arpan
tebwut@theglobi.link,theColour19$,23,tebwut,01/01/2001,age 23-25,
noedam@theglobi.link,Tony16./,23,noemie._da,02/01/2001,,Tales
niapoj@fakel.xyz,theWeeknd7?,23,nickapo1,03/01/2001,,Arpan
gepder@theglobi.link,terminal4bash./,24,gaspard2369,01/01/2000,,
suntou@theglobi.link,sunny12:,24,sun26536,02/01/2000,,Tales
lowmek@theglobi.link,tik2night@,24,merek.low,03/01/2000,,Arpan
gontot@fakel.xyz,1NoteWord.,25,gontato6,01/01/1999,,
,,25,,02/01/1999,,Tales
,,25,,03/01/1999,,Arpan